artifact	repo	ref	path	blob_sha	sha256	identical_rmerlin_vs_gnuton	relevance
RT_AXE7800.dts	RMerlin	3006.102-wifi6	release/src-rt-5.04axhnd.675x/kernel/dts/6756/RT_AXE7800.dts	afddb4669338197e37c43bd296bf5a3f8b37f580	bd289bea48aeaff950c3bdeac8aa094a1a30f1a72d3ad6f566c765b55c75419a	yes	board/PHY topology (GPY211 reg25, sf2_ext)
96756GW.RT-AXE7800	RMerlin	3006.102-wifi6	release/src-rt-5.04axhnd.675x/targets/96756GW/96756GW.RT-AXE7800	26419dc85121221adcf0cc6ba62a6ba4dafa9d85	1775e1e31f5d82a2b742d65d514e63f484b805032d27ae1a622b4216e1288c68	yes	target profile
env_NAND_2M_RT-AXE7800.conf	RMerlin	3006.102-wifi6	release/src-rt-5.04axhnd.675x/bootloaders/build/configs/env_NAND_2M_RT-AXE7800.conf	b859a8fcdfff7ba1441ea0f2c154b276fad655d2	95f807b48292203e96604cbd806c2474d700d45e4602d46d199aaad5f8bda3a5	yes	boardid, MCB, dhd1=11
options_6756_nand.conf.RT-AXE7800	RMerlin	3006.102-wifi6	release/src-rt-5.04axhnd.675x/bootloaders/build/configs/options_6756_nand.conf.RT-AXE7800	b9960a741466e9a7d2136ca45ae5fb205cdcb10f	61e3153916336c38eb4615a3ac6b1ae3f6c48081a15e4d9aecbec7b559ebc838	yes	chip/arch/flash/secure-boot
RT_AXE7800.nvm	RMerlin	3006.102-wifi6	release/src-rt-5.04axhnd.675x/targets/nvram/6756/RT_AXE7800.nvm	8e01c6bc28a89c462704b6a47d2bed18d5f6ce4e	4d14d8864f9362eb96fb0d8dc510770b68298ec13558ae6364a133f2433d4668	yes	radio calibration + wl0/1/2 topology
RT_AXE7800_EU.nvm	RMerlin	3006.102-wifi6	release/src-rt-5.04axhnd.675x/targets/nvram/6756/RT_AXE7800_EU.nvm	b82be7182cc7f68bd66b3cec8d9d5bf56558db3c	adca98479e6b1fe13f8cc2ae8769a56f9ea9d01f1fac6bd821b9fb48822a4ee8	yes	radio calibration + wl0/1/2 topology
stress_pkteng.sh	RMerlin	3006.102-wifi6	release/src/router/rom/apps_scripts/runin/RT-AXE7800/stress_pkteng.sh	861fe8e4e4c5804f40ecd49e84531791c0036cbc	59f7ceebc387f889b692083fa3e86cceca736cdc92405124b608c28bb6844df0	yes	factory/runin script
www/sysdep/RT-AXE7800 (14 files)	RMerlin(history)	876cf1009f/06f0a0e2ca	release/src/router/www/sysdep/RT-AXE7800	see ui-blobs.txt	see ui-blobs.txt	historical-only	authentic UI: wl2=6GHz, SmartConnect, PSC
dongle/sysdeps/RT-AXE7800/6715b0/rtecdc.bin	(none)	-	release/src-rt-5.04axhnd.675x/bcmdrivers/.../dongle/sysdeps/RT-AXE7800/6715b0/rtecdc.bin	-	-	ABSENT-EVERYWHERE	NEW: wl1 DHD firmware, stock has 2750488B, no public copy matches
